Unnamed: 0,T1,T1+T2,T1+T2+T3,G1+G2+G3
allergy_name,0.631579,0.533835,0.570652,0.670391
cancer,0.516687,0.525193,0.556582,0.636673
chronic_disease,0.593809,0.588862,0.623006,0.704915
treatment,0.555032,0.568425,0.596952,0.677571
overall_weighted_f1,0.56577,0.568635,0.600359,0.681376
